Date,Open Price,High Price,Low Price,Close Price,WAP,No.of Shares,No. of Trades,Total Turnover (Rs.),Deliverable Quantity,% Deli. Qty to Traded Qty,Spread High-Low,Spread Close-Open
5-July-2022,548.90,564.00,545.20,555.15,556.890832220270710852,95083,3632,52950851.00,,,18.80,6.25
4-July-2022,540.00,554.25,525.35,548.20,538.852709036433851626,147857,6347,79673145.00,50585,34.21,28.90,8.20
1-July-2022,511.00,545.00,508.75,541.75,530.741127436239921117,142997,4554,75894389.00,30984,21.67,36.25,30.75
30-June-2022,510.00,518.95,505.60,511.75,514.359144799315538590,106361,5014,54707753.00,28292,26.60,13.35,1.75
29-June-2022,528.10,528.10,506.60,513.70,514.701710863986313088,140280,5772,72202356.00,29124,20.76,21.50,-14.40
28-June-2022,539.95,539.95,523.30,535.20,531.453026076946916367,90348,4042,48015718.00,22927,25.38,16.65,-4.75
27-June-2022,537.00,547.65,528.90,542.70,539.208011700658162021,86149,2955,46452231.00,17528,20.35,18.75,5.70
24-June-2022,534.00,537.60,526.90,533.20,533.545043516617749351,117886,2595,62897491.00,23634,20.05,10.70,-0.80
23-June-2022,516.00,530.20,511.50,527.65,521.191833498513379583,75675,2882,39441192.00,11684,15.44,18.70,11.65
22-June-2022,510.50,517.00,505.00,507.30,511.708926756705009057,67897,3232,34743501.00,20339,29.96,12.00,-3.20
21-June-2022,503.00,520.30,497.00,518.10,509.417288266218931491,72662,2975,37015279.00,12062,16.60,23.30,15.10
20-June-2022,495.00,507.70,488.05,496.80,499.416681993746551407,119614,5281,59737227.00,19507,16.31,19.65,1.80
17-June-2022,508.30,508.30,486.95,490.50,496.143385032472506301,215413,11599,106875735.00,54208,25.16,21.35,-17.80
16-June-2022,525.10,538.15,508.00,511.55,527.245941779744552337,190724,4504,100558455.00,25856,13.56,30.15,-13.55
15-June-2022,521.30,526.90,516.00,523.85,521.947401678293398038,39564,1635,20650327.00,7622,19.26,10.90,2.55
14-June-2022,511.80,528.50,511.80,516.60,521.598990613257906631,72123,2562,37619284.00,10555,14.63,16.70,4.80
13-June-2022,512.80,521.65,511.15,517.55,517.043281550288276745,49952,2030,25827346.00,10226,20.47,10.50,4.75
10-June-2022,522.10,534.85,518.25,524.60,526.872657705657649573,160473,4996,84548836.00,30304,18.88,16.60,2.50
9-June-2022,510.05,526.90,503.20,525.50,515.137750087750087750,56980,2638,29352549.00,9339,16.39,23.70,15.45
8-June-2022,525.00,528.05,514.10,516.25,520.111491021742871894,87155,4021,45330317.00,22613,25.95,13.95,-8.75
7-June-2022,524.00,529.00,516.85,522.60,522.562424784517807773,122980,5232,64264727.00,37729,30.68,12.15,-1.40
6-June-2022,543.20,543.80,529.50,531.10,536.346658913601783204,103185,3831,55342930.00,33002,31.98,14.30,-12.10
3-June-2022,556.30,569.20,540.85,543.40,558.756599788806758183,333344,4737,186258160.00,121455,36.44,28.35,-12.90
2-June-2022,554.00,557.10,546.65,552.10,552.677146903419916620,175823,4143,97173354.00,56489,32.13,10.45,-1.90
1-June-2022,553.00,564.55,549.85,556.25,556.414421240136377924,248134,4070,138065336.00,61255,24.69,14.70,3.25
31-May-2022,557.50,564.30,547.50,550.70,553.498404009252120277,259400,6592,143577486.00,46422,17.90,16.80,-6.80
30-May-2022,530.00,572.75,511.70,566.80,548.931808228946136825,1130327,29585,620472444.00,340342,30.11,61.05,36.80
27-May-2022,493.45,518.85,490.00,516.95,507.179166295289451401,359024,10723,182089493.00,134813,37.55,28.85,23.50
26-May-2022,469.00,489.85,465.60,486.95,479.601971849351289091,138043,4694,66205695.00,41867,30.33,24.25,17.95
25-May-2022,476.20,482.55,458.60,464.15,466.235109240176003352,52499,2271,24476877.00,14391,27.41,23.95,-12.05
24-May-2022,488.50,488.50,472.10,478.05,478.409234667371510340,109717,5361,52489626.00,22035,20.08,16.40,-10.45
23-May-2022,490.00,500.10,483.50,485.70,492.552718643758413763,131481,5136,64761324.00,45994,34.98,16.60,-4.30
20-May-2022,486.00,492.65,482.85,487.70,487.723892035263552661,91993,3718,44867184.00,21665,23.55,9.80,1.70
19-May-2022,477.00,496.00,473.15,481.70,484.642779319169422168,157866,3024,76508617.00,14937,9.46,22.85,4.70
18-May-2022,501.95,504.50,485.00,489.85,494.096448408153916628,139712,6234,69031203.00,36937,26.44,19.50,-12.10
17-May-2022,486.50,499.20,485.00,495.75,491.065698208025517957,132926,5053,65275399.00,35432,26.66,14.20,9.25
16-May-2022,487.00,488.05,475.20,486.30,483.510796574597205592,219653,2405,106204597.00,24643,11.22,12.85,-0.70
13-May-2022,476.45,490.00,473.35,475.20,483.734963747266658994,173780,7738,84063462.00,44587,25.66,16.65,-1.25
12-May-2022,467.00,471.40,451.60,469.45,459.835181835194311022,80155,3177,36858089.00,22003,27.45,19.80,2.45
11-May-2022,480.00,486.00,463.40,468.45,473.715019060492383396,65843,2323,31190818.00,16023,24.34,22.60,-11.55
10-May-2022,487.55,495.00,475.00,479.70,482.340297078263306630,256902,9752,123914187.00,57153,22.25,20.00,-7.85
9-May-2022,493.20,502.00,487.65,489.55,496.221045141276364392,250148,9380,124128702.00,67713,27.07,14.35,-3.65
6-May-2022,462.00,507.10,462.00,496.85,494.886080656290730660,260860,16636,129095983.00,106186,40.71,45.10,34.85
5-May-2022,534.00,534.00,510.05,513.15,520.974293433420154336,61813,2933,32202984.00,18136,29.34,23.95,-20.85
4-May-2022,549.95,549.95,515.10,520.75,543.835511637048784785,737730,4790,401203772.00,599263,81.23,34.85,-29.20
2-May-2022,535.05,550.00,528.95,547.10,541.661825866823380498,88484,3964,47928405.00,24339,27.51,21.05,12.05
29-April-2022,545.00,561.85,543.10,545.80,553.574823144729153456,321732,10052,178102735.00,123163,38.28,18.75,0.80
28-April-2022,538.80,545.80,524.90,542.70,534.469231478918719439,108390,5146,57931120.00,25983,23.97,20.90,3.90
27-April-2022,544.00,551.00,530.05,532.10,537.119592944002807282,74093,2865,39796802.00,29930,40.40,20.95,-11.90
26-April-2022,556.90,556.90,539.25,545.50,546.266174946584613809,156322,4565,85393421.00,53586,34.28,17.65,-11.40
25-April-2022,566.95,567.05,529.70,540.30,544.657282698010074666,363883,14324,198191526.00,98731,27.13,37.35,-26.65
22-April-2022,590.00,593.00,570.55,574.20,580.658798509561304836,398272,16314,231260141.00,161582,40.57,22.45,-15.80
21-April-2022,554.35,600.00,554.20,594.85,580.018563450063364091,785145,32732,455398675.00,447846,57.04,45.80,40.50
20-April-2022,557.90,557.90,538.85,552.60,549.895302218154878633,183576,7500,100947580.00,42210,22.99,19.05,-5.30
19-April-2022,575.00,584.90,529.50,545.85,557.765617612699715076,399757,18525,222970710.00,150416,37.63,55.40,-29.15
18-April-2022,2790.00,2860.75,2742.10,2844.45,2812.807720411327547183,56111,5160,157829454.00,11902,21.21,118.65,54.45
13-April-2022,2749.00,2843.75,2719.15,2776.10,2793.017541418995826482,79070,9392,220843897.00,26599,33.64,124.60,27.10
12-April-2022,2783.50,2788.35,2670.55,2777.25,2741.546506104886703361,35791,4068,98122691.00,5988,16.73,117.80,-6.25
11-April-2022,2789.00,2795.00,2751.50,2788.10,2771.688373951258489812,42551,5524,117938112.00,14699,34.54,43.50,-0.90
8-April-2022,2799.00,2825.15,2768.45,2793.30,2788.470134208858936697,34722,2829,96821260.00,7669,22.09,56.70,-5.70
7-April-2022,2752.00,2791.00,2736.50,2746.95,2759.723487781599466964,55531,6098,153250205.00,14578,26.25,54.50,-5.05
6-April-2022,2800.30,2809.65,2750.00,2768.90,2779.849806094182825484,72200,9214,200705156.00,20434,28.30,59.65,-31.40
5-April-2022,2816.00,2850.95,2777.85,2825.85,2812.374627551355253658,76185,8453,214260761.00,25342,33.26,73.10,9.85
4-April-2022,2784.00,2818.55,2716.90,2796.50,2761.105322938147172016,90683,12715,250385314.00,34842,38.42,101.65,12.50
1-April-2022,2668.00,2732.85,2647.65,2725.70,2709.429307101176620643,62722,7426,169940825.00,25899,41.29,85.20,57.70
31-March-2022,2620.00,2657.40,2602.00,2635.45,2625.938706956285963908,66386,7875,174325567.00,22076,33.25,55.40,15.45
30-March-2022,2651.00,2669.40,2601.75,2616.95,2632.850424502332589609,34511,3492,90862301.00,12473,36.14,67.65,-34.05
29-March-2022,2648.00,2686.25,2620.75,2629.30,2653.338664252665459666,59652,6814,158276958.00,25102,42.08,65.50,-18.70
28-March-2022,2608.00,2664.30,2570.00,2645.05,2621.203951423658797703,92473,9545,242390593.00,36625,39.61,94.30,37.05
25-March-2022,2620.00,2648.60,2602.00,2617.55,2625.719270914472659292,32095,2027,84272460.00,4526,14.10,46.60,-2.45
24-March-2022,2634.00,2655.00,2605.00,2618.75,2622.816667728170180243,31402,2376,82361689.00,5738,18.27,50.00,-15.25
23-March-2022,2644.00,2692.85,2626.40,2650.75,2669.350675955402646718,140098,12836,373970691.00,51086,36.46,66.45,6.75
22-March-2022,2550.00,2639.90,2482.65,2622.40,2553.908899545898230276,117815,13168,300888777.00,49268,41.82,157.25,72.40
21-March-2022,2566.10,2606.45,2535.15,2554.30,2565.937528653813671790,41443,4255,106340149.00,10237,24.70,71.30,-11.80
17-March-2022,2590.00,2612.45,2550.00,2560.80,2585.810252363101537137,55753,5529,144166679.00,14112,25.31,62.45,-29.20
16-March-2022,2551.00,2588.00,2534.05,2562.60,2565.082661031510136369,101269,12176,259763356.00,34830,34.39,53.95,11.60
15-March-2022,2550.00,2589.00,2484.05,2524.45,2529.498137764498833544,122165,10364,309016140.00,19938,16.32,104.95,-25.55
14-March-2022,2700.00,2700.00,2444.00,2512.75,2506.305332816587539967,516050,37336,1293378867.00,172067,33.34,256.00,-187.25
11-March-2022,2757.80,2879.00,2728.25,2864.10,2822.264792158546183014,69885,9506,197233975.00,18494,26.46,150.75,106.30
10-March-2022,2790.00,2837.95,2720.00,2757.80,2775.864915336910319838,71755,9424,199182187.00,18200,25.36,117.95,-32.20
9-March-2022,2625.00,2722.70,2580.00,2697.75,2651.839222579549767293,50063,8005,132759027.00,9845,19.67,142.70,72.75
8-March-2022,2574.40,2613.45,2519.00,2577.20,2571.168378369395419948,30087,3760,77358743.00,5143,17.09,94.45,2.80
7-March-2022,2567.00,2580.00,2475.30,2553.20,2518.870957036181955917,138605,20679,349128109.00,40276,29.06,104.70,-13.80
4-March-2022,2775.00,2775.05,2613.30,2628.95,2688.989173889580281721,90799,19349,244157528.00,41549,45.76,161.75,-146.05
3-March-2022,2920.90,2920.90,2790.20,2800.10,2825.007864128998149616,45396,8812,128244057.00,16439,36.21,130.70,-120.80
2-March-2022,2890.00,2903.45,2836.25,2857.45,2871.482981168773760056,33933,7449,97438032.00,13009,38.34,67.20,-32.55
28-February-2022,2900.00,2935.15,2866.80,2910.75,2899.680687248729424258,26366,5346,76452981.00,,,68.35,10.75
25-February-2022,2947.80,2980.75,2904.00,2941.20,2935.356760520475216502,22979,3138,67451563.00,4634,20.17,76.75,-6.60
24-February-2022,2911.00,2955.45,2852.05,2882.70,2900.011275546159267089,38313,5816,111108132.00,6679,17.43,103.40,-28.30
23-February-2022,2995.00,3076.05,2995.00,3027.05,3040.866319193089136624,20721,2642,63009791.00,2841,13.71,81.05,32.05
22-February-2022,2903.00,3010.00,2861.90,2991.85,2945.358545662754079587,34930,7401,102881374.00,9595,27.47,148.10,88.85
21-February-2022,2971.15,3020.00,2909.15,2982.05,2967.374934741884961459,32563,7356,96626630.00,8300,25.49,110.85,10.90
18-February-2022,3030.30,3046.90,2970.75,2981.85,3008.732616279069767441,17200,2486,51750201.00,3287,19.11,76.15,-48.45
17-February-2022,3089.00,3124.60,3002.00,3030.30,3055.767741350383167822,22053,3175,67388846.00,4508,20.44,122.60,-58.70
16-February-2022,3195.00,3195.00,3042.20,3058.85,3102.699979394189161343,19412,2620,60229612.00,6289,32.40,152.80,-136.15
15-February-2022,2960.00,3154.40,2960.00,3144.05,3076.113910283839680502,112176,13578,345066154.00,29249,26.07,194.40,184.05
14-February-2022,2975.00,3018.95,2889.05,2948.80,2965.199007679496669133,86464,19840,256382967.00,26299,30.42,129.90,-26.20
11-February-2022,3150.00,3151.00,3060.00,3080.25,3090.435247553514043464,55079,12545,170218083.00,24448,44.39,91.00,-69.75
10-February-2022,3236.00,3249.00,3162.90,3180.45,3187.107364620938628158,27700,6252,88282874.00,9972,36.00,86.10,-55.55
9-February-2022,3257.00,3265.55,3214.00,3222.35,3236.127668887700014590,20561,3017,66538021.00,5150,25.05,51.55,-34.65
8-February-2022,3175.45,3258.35,3130.85,3239.10,3186.346350982789429135,42532,8382,135521683.00,14597,34.32,127.50,63.65
7-February-2022,3218.00,3232.80,3130.30,3175.45,3174.808901289730932079,51251,10386,162712131.00,13833,26.99,102.50,-42.55
4-February-2022,3219.40,3253.75,3166.95,3208.00,3211.096359709771141805,64363,10494,206675795.00,14600,22.68,86.80,-11.40
3-February-2022,3306.00,3336.70,3097.00,3195.40,3227.888761621819938971,111751,15500,360719797.00,22813,20.41,239.70,-110.60
2-February-2022,3489.00,3533.75,3285.20,3301.25,3413.055745489078822412,94770,12830,323455293.00,17394,18.35,248.55,-187.75
1-February-2022,3450.00,3452.40,3370.00,3440.25,3419.334942528735632183,34800,6113,118992856.00,7324,21.05,82.40,-9.75
31-January-2022,3403.00,3513.10,3365.00,3386.85,3458.081412658487757301,77924,14915,269467536.00,38304,49.16,148.10,-16.15
28-January-2022,3293.15,3444.90,3271.00,3304.80,3362.139698235444548631,58655,13171,197206304.00,21114,36.00,173.90,11.65
27-January-2022,3447.50,3447.50,3135.20,3243.15,3244.330965660803101809,62931,11894,204168992.00,16673,26.49,312.30,-204.35
25-January-2022,3485.00,3526.75,3329.75,3451.00,3439.993596751522723723,44821,11547,154183953.00,12735,28.41,197.00,-34.00
24-January-2022,3680.00,3695.35,3475.00,3501.40,3578.728770140534846417,41769,12238,149479922.00,12733,30.48,220.35,-178.60
21-January-2022,3700.00,3755.00,3610.65,3702.80,3690.790705026873221625,25304,6561,93391768.00,8374,33.09,144.35,2.80
20-January-2022,3780.00,3780.00,3651.10,3697.40,3707.507996051332675222,15195,3143,56335584.00,5245,34.52,128.90,-82.60
19-January-2022,3788.00,3790.00,3710.05,3740.00,3740.859623676989415915,25510,6398,95429329.00,8434,33.06,79.95,-48.00
18-January-2022,3895.25,3921.35,3775.15,3788.10,3841.026712328767123287,14600,2505,56078990.00,4390,30.07,146.20,-107.15
17-January-2022,3975.00,3984.00,3860.85,3892.80,3900.931421163506725004,30855,5860,120363239.00,12427,40.28,123.15,-82.20
14-January-2022,3900.00,4027.35,3858.60,3931.80,3941.050755252040048613,34558,5671,136194832.00,6905,19.98,168.75,31.80
13-January-2022,3925.00,3951.20,3884.40,3918.00,3914.542604501607717041,8708,1644,34087837.00,1975,22.68,66.80,-7.00
12-January-2022,3815.00,3922.10,3815.00,3917.05,3890.357699824308585190,50657,8291,197073850.00,26578,52.47,107.10,102.05
11-January-2022,3780.00,3878.65,3778.05,3807.30,3838.954399387911247130,19605,2628,75262701.00,3486,17.78,100.60,27.30
10-January-2022,3800.00,3816.70,3750.00,3780.80,3776.616558941212680824,16245,2515,61351136.00,2902,17.86,66.70,-19.20
7-January-2022,3583.00,3773.00,3583.00,3761.95,3713.607572671727457878,32406,4554,120343167.00,7013,21.64,190.00,178.95
6-January-2022,3600.00,3611.90,3507.10,3579.75,3549.661071487808923536,30145,7425,107004533.00,7827,25.96,104.80,-20.25
5-January-2022,3591.00,3652.75,3564.40,3638.60,3607.269417768312773737,24887,4242,89774114.00,7593,30.51,88.35,47.60
4-January-2022,3695.00,3695.00,3580.00,3604.85,3606.042407539118065433,22496,4594,81121530.00,7277,32.35,115.00,-90.15
3-January-2022,3598.00,3674.90,3598.00,3655.55,3645.252154364930685650,10676,1662,38916712.00,3168,29.67,76.90,57.55
31-December-2021,3521.75,3608.95,3515.85,3590.35,3574.948598885568925139,24766,3714,88537177.00,11755,47.46,93.10,68.60
30-December-2021,3535.40,3586.55,3505.00,3521.75,3546.361805709227705244,18076,3620,64104036.00,5982,33.09,81.55,-13.65
29-December-2021,3510.00,3575.05,3484.35,3549.70,3550.082921947965310206,14990,2036,53215743.00,2079,13.87,90.70,39.70
28-December-2021,3540.00,3555.00,3495.00,3506.85,3514.919068632053328325,10651,1884,37437403.00,2580,24.22,60.00,-33.15
27-December-2021,3430.00,3532.55,3351.00,3518.25,3441.924317904391145128,30311,6702,104328168.00,10851,35.80,181.55,88.25
24-December-2021,3550.00,3550.00,3425.00,3435.15,3481.187427885724835002,21667,5355,75426888.00,7963,36.75,125.00,-114.85
23-December-2021,3510.00,3618.45,3470.00,3536.45,3541.487513527012403229,24026,3965,85087779.00,4162,17.32,148.45,26.45
22-December-2021,3440.00,3448.95,3380.05,3429.05,3410.082173547086342905,51087,2611,174210868.00,3666,7.18,68.90,-10.95
21-December-2021,3420.00,3429.25,3366.05,3410.35,3402.359693362921121646,9914,1317,33730994.00,2825,28.50,63.20,-9.65
20-December-2021,3535.00,3535.00,3342.00,3391.20,3394.864240587747634430,34981,6381,118755746.00,19215,54.93,193.00,-143.80
17-December-2021,3695.70,3695.70,3521.50,3550.75,3560.436721129880919412,32499,9469,115710633.00,13184,40.57,174.20,-144.95
16-December-2021,3710.00,3728.25,3651.75,3673.65,3677.858596761757902852,12970,2979,47701826.00,3775,29.11,76.50,-36.35
15-December-2021,3754.90,3754.90,3671.00,3679.20,3699.885343354970960027,14635,3564,54147822.00,5941,40.59,83.90,-75.70
14-December-2021,3720.15,3761.95,3667.20,3754.90,3705.669008985988671692,23481,4830,87012814.00,6673,28.42,94.75,34.75
13-December-2021,3800.00,3806.90,3720.15,3739.95,3756.622901902275270421,13405,2323,50357530.00,3917,29.22,86.75,-60.05
10-December-2021,3845.00,3858.30,3776.90,3786.90,3826.313111210239165494,29143,2871,111510243.00,10473,35.94,81.40,-58.10
9-December-2021,3870.00,3870.00,3809.95,3827.20,3830.102928509905254091,4644,926,17786998.00,1024,22.05,60.05,-42.80
8-December-2021,3830.00,3851.20,3771.00,3832.30,3817.426296064959400374,9606,1362,36670197.00,1472,15.32,80.20,2.30
7-December-2021,3738.00,3804.10,3715.90,3791.75,3762.365853658536585365,10660,1724,40106820.00,1882,17.65,88.20,53.75
6-December-2021,3763.45,3894.00,3695.50,3706.00,3796.665417942536973092,30698,5247,116550035.00,6532,21.28,198.50,-57.45
3-December-2021,3799.00,3849.00,3765.80,3800.75,3810.550961029800740610,11342,1617,43219269.00,1407,12.41,83.20,1.75
2-December-2021,3709.00,3770.80,3684.30,3762.60,3736.681014108715892000,13963,2525,52175277.00,4264,30.54,86.50,53.60
1-December-2021,3710.00,3750.40,3672.95,3700.95,3712.650794606308692511,16612,2780,61674555.00,3398,20.46,77.45,-9.05
30-November-2021,3646.20,3744.05,3633.65,3651.75,3697.404841513976193660,14954,2688,55290992.00,4088,27.34,110.40,5.55
29-November-2021,3581.00,3712.60,3530.85,3639.85,3622.183968024869545908,18014,3040,65250022.00,2134,11.85,181.75,58.85
26-November-2021,3740.00,3744.90,3603.50,3658.15,3665.206308344384637387,38457,8139,140952839.00,8244,21.44,141.40,-81.85
25-November-2021,3758.00,3800.50,3736.35,3758.60,3761.727913162245704837,13911,2682,52329397.00,3087,22.19,64.15,0.60
24-November-2021,3843.40,3843.40,3756.45,3768.35,3792.943263819927176431,15105,2784,57292408.00,5377,35.60,86.95,-75.05
23-November-2021,3741.00,3872.50,3709.60,3804.15,3814.041065735539699407,26348,4149,100492354.00,5733,21.76,162.90,63.15
22-November-2021,3854.90,3862.25,3676.65,3745.10,3781.951725291264841964,17939,2954,67844432.00,1740,9.70,185.60,-109.80
18-November-2021,3919.75,3949.00,3738.05,3814.35,3772.530730520378255820,90415,4104,341093366.00,12026,13.30,210.95,-105.40
17-November-2021,3993.90,4004.35,3906.55,3919.75,3940.316657443276148312,18070,3503,71201522.00,6661,36.86,97.80,-74.15
16-November-2021,4022.00,4077.85,3985.90,4013.35,4033.872985410751003622,51065,4561,205989724.00,10031,19.64,91.95,-8.65
15-November-2021,4050.00,4050.00,3964.60,3999.95,3994.870620182200420462,45664,3942,182421772.00,9736,21.32,85.40,-50.05
12-November-2021,3910.00,4028.60,3910.00,4004.90,3991.585078963400346782,21339,3128,85176434.00,3928,18.41,118.60,94.90
11-November-2021,3887.00,3919.45,3846.60,3898.95,3884.367007477491225392,6553,1148,25454257.00,1041,15.89,72.85,11.95
10-November-2021,3917.25,3933.65,3854.10,3874.45,3904.576789201120638424,11779,1510,45992010.00,2117,17.97,79.55,-42.80
9-November-2021,3878.50,3916.15,3852.65,3901.90,3884.685485505777417393,9866,1366,38326307.00,2056,20.84,63.50,23.40
8-November-2021,3790.75,3909.00,3760.00,3872.35,3845.402169546002410606,32357,5096,124425678.00,15730,48.61,149.00,81.60
4-November-2021,3785.00,3790.85,3759.05,3778.60,3773.668170103092783505,1552,377,5856733.00,1061,68.36,31.80,-6.40
3-November-2021,3784.00,3798.00,3714.75,3725.20,3754.855292396076093436,18451,3186,69280835.00,4860,26.34,83.25,-58.80
2-November-2021,3785.00,3792.50,3731.70,3755.50,3761.468416559965855740,9372,1220,35252482.00,1880,20.06,60.80,-29.50
1-November-2021,3726.00,3767.55,3636.00,3746.65,3708.080781029361639966,20537,4038,76152855.00,5433,26.45,131.55,20.65
29-October-2021,3738.00,3772.05,3668.90,3690.75,3724.664672334767852769,28581,5381,106454641.00,6659,23.30,103.15,-47.25
28-October-2021,3831.30,3831.30,3700.00,3728.35,3762.338797814207650273,15921,2470,59900196.00,2537,15.93,131.30,-102.95
27-October-2021,3730.00,3851.00,3718.70,3780.50,3788.823918237324130607,37670,5557,142724997.00,12009,31.88,132.30,50.50
26-October-2021,3664.75,3729.35,3649.80,3716.55,3688.787483496171111697,18935,2646,69847191.00,4684,24.74,79.55,51.80
25-October-2021,3735.00,3740.00,3590.00,3669.75,3655.045899893503727369,56340,9756,205925286.00,13731,24.37,150.00,-65.25
22-October-2021,3929.00,3929.00,3679.35,3702.80,3770.468455578651837054,37043,5379,139669463.00,10148,27.40,249.65,-226.20
21-October-2021,4026.50,4026.50,3686.90,3867.30,3808.324395161290322580,104160,13693,396675069.00,10718,10.29,339.60,-159.20
20-October-2021,4334.60,4340.00,3901.15,3965.15,4194.737711791147994467,231360,26314,970494517.00,93813,40.55,438.85,-369.45
19-October-2021,4420.00,4447.00,4282.00,4334.60,4349.664017440737367883,36237,5870,157618775.00,10607,29.27,165.00,-85.40
18-October-2021,4548.00,4560.00,4335.40,4369.35,4400.634434478232334281,22855,3058,100576500.00,4223,18.48,224.60,-178.65
14-October-2021,4531.25,4567.60,4395.05,4409.25,4469.604208252119390367,42583,7253,190329156.00,10841,25.46,172.55,-122.00
13-October-2021,4293.00,4577.45,4267.55,4526.60,4394.229326083433859671,55541,8326,244059891.00,20262,36.48,309.90,233.60
12-October-2021,4090.00,4379.00,4048.00,4277.45,4274.852666975414292330,99326,7776,424604016.00,13736,13.83,331.00,187.45
11-October-2021,4036.00,4116.00,4022.00,4061.70,4027.211443770535558153,108653,4164,437568605.00,92387,85.03,94.00,25.70
8-October-2021,3981.15,4036.90,3981.15,4011.10,4002.111865552847704509,70987,4238,284097915.00,14726,20.74,55.75,29.95
7-October-2021,3964.25,4016.35,3943.65,3974.95,3973.366680715736235104,26099,4578,103700897.00,8941,34.26,72.70,10.70
6-October-2021,4090.00,4110.00,3917.75,3935.05,3978.443160078678630129,37113,7544,147651961.00,15813,42.61,192.25,-154.95
5-October-2021,4155.00,4155.00,4061.00,4074.50,4099.313294081189959714,6454,1128,26456968.00,2622,40.63,94.00,-80.50
4-October-2021,4090.00,4155.00,4062.50,4144.75,4119.539874001229256299,13016,2083,53619931.00,1761,13.53,92.50,54.75
1-October-2021,4070.00,4125.55,4013.20,4045.70,4068.244979919678714859,11952,2015,48623664.00,1464,12.25,112.35,-24.30
30-September-2021,4108.00,4129.95,4026.15,4040.65,4065.805823654506788810,12226,2184,49708542.00,3811,31.17,103.80,-67.35
29-September-2021,3962.05,4124.00,3940.80,4072.70,4059.369635023291574329,22111,3453,89756722.00,7626,34.49,183.20,110.65
28-September-2021,4095.00,4095.00,3966.00,4004.85,4022.446872066228556797,11717,1850,47131010.00,2790,23.81,129.00,-90.15
27-September-2021,4135.00,4140.05,4046.05,4071.80,4081.676030202201177373,15628,3218,63788433.00,4457,28.52,94.00,-63.20
24-September-2021,4199.00,4199.00,4068.80,4118.30,4138.362720900385033073,10129,1213,41917476.00,2821,27.85,130.20,-80.70
23-September-2021,4178.00,4234.85,4139.00,4177.00,4127.487726712093333602,98914,3044,408266321.00,86204,87.15,95.85,-1.00
22-September-2021,4142.20,4180.00,4096.85,4110.00,4137.603460706560922855,9709,1580,40171992.00,2599,26.77,83.15,-32.20
21-September-2021,4080.00,4153.80,3994.55,4137.40,4061.062114483098939057,16212,2091,65837939.00,2285,14.09,159.25,57.40
20-September-2021,4084.00,4201.00,4035.60,4082.45,4133.824194524277718953,26444,3963,109314847.00,6280,23.75,165.40,-1.55
17-September-2021,4120.00,4271.00,4091.00,4104.60,4184.633459262332670932,45793,7090,191626920.00,12713,27.76,180.00,-15.40
16-September-2021,4170.00,4190.35,4090.35,4097.15,4134.743775406504065040,7872,1315,32548703.00,2115,26.87,100.00,-72.85
15-September-2021,4132.65,4207.00,4112.05,4160.35,4161.410204971652856519,22930,3138,95421136.00,8871,38.69,94.95,27.70
14-September-2021,4133.00,4162.90,4092.05,4116.00,4102.038390339760202773,35113,2479,144034874.00,4750,13.53,70.85,-17.00
13-September-2021,4099.10,4139.00,4070.75,4135.80,4115.618831854012786295,16111,2730,66306735.00,5900,36.62,68.25,36.70
9-September-2021,4063.25,4143.15,4034.45,4099.10,4068.766616112052814702,44836,3231,182427220.00,11756,26.22,108.70,35.85
8-September-2021,4109.00,4109.00,4010.00,4050.15,4062.171609190574200865,47614,3179,193416239.00,12332,25.90,99.00,-58.85
7-September-2021,4159.00,4180.90,4065.00,4077.25,4151.090582056139142414,580700,2709,2410538301.00,544168,93.71,115.90,-81.75
6-September-2021,4125.00,4207.55,4081.35,4152.95,4142.826140264835703776,16312,2071,67577780.00,1965,12.05,126.20,27.95
3-September-2021,4140.00,4173.20,4050.55,4112.35,4121.300697318442088553,17639,2637,72695623.00,2906,16.47,122.65,-27.65
2-September-2021,4002.65,4130.95,4002.65,4113.10,4099.889782118707738542,39930,3537,163708599.00,10686,26.76,128.30,110.45
1-September-2021,4009.00,4081.10,3978.75,4000.80,4018.530290413240345581,19214,3217,77212041.00,5030,26.18,102.35,-8.20
31-August-2021,3900.00,4015.00,3885.60,3995.95,3954.398574732762392948,31994,4788,126517028.00,10624,33.21,129.40,95.95
30-August-2021,3840.00,3920.00,3819.15,3907.70,3878.105820418786229740,16906,2946,65563257.00,3421,20.24,100.85,67.70
27-August-2021,3840.00,3840.00,3731.75,3812.25,3784.272406545563729169,13322,2222,50414077.00,1797,13.49,108.25,-27.75
26-August-2021,3831.00,3858.00,3755.00,3828.80,3797.040277201919090209,16883,2456,64105431.00,2148,12.72,103.00,-2.20
25-August-2021,3735.00,3891.00,3684.70,3824.95,3813.399010064345817521,60610,8562,231130114.00,14494,23.91,206.30,89.95
24-August-2021,3800.00,3838.00,3656.85,3701.75,3709.032819701131232251,21481,3230,79673734.00,3785,17.62,181.15,-98.25
23-August-2021,3975.50,4000.10,3766.05,3790.20,3840.804684047724259832,33945,6120,130376115.00,8185,24.11,234.05,-185.30
20-August-2021,4039.00,4097.00,3918.15,3968.90,4001.601931296501503878,31585,5652,126390597.00,5589,17.70,178.85,-70.10
18-August-2021,3918.00,4166.40,3918.00,4041.10,4073.956257691262725543,62571,8230,254911517.00,5526,8.83,248.40,123.10
17-August-2021,3825.00,3939.95,3737.25,3889.75,3863.321484591809647916,41439,5430,160092179.00,15494,37.39,202.70,64.75
16-August-2021,3790.00,3825.75,3731.45,3752.35,3789.326595484554568424,12269,1539,46491248.00,2611,21.28,94.30,-37.65
13-August-2021,3755.00,3796.00,3735.00,3781.20,3771.302695605159496408,12947,1511,48827056.00,2425,18.73,61.00,26.20
12-August-2021,3693.45,3749.70,3614.35,3739.80,3698.296829785865860716,15551,2240,57512214.00,3596,23.12,135.35,46.35
11-August-2021,3780.00,3807.55,3592.00,3673.00,3674.457391865719819238,21686,4184,79684283.00,4581,21.12,215.55,-107.00
10-August-2021,3795.00,3842.00,3722.65,3752.10,3758.937905279769996406,63999,4533,240568267.00,10541,16.47,119.35,-42.90
9-August-2021,3705.00,3765.00,3685.20,3703.95,3728.390089197224975222,5045,946,18809728.00,707,14.01,79.80,-1.05
6-August-2021,3696.00,3732.40,3692.00,3715.50,3714.727286447328705101,6626,997,24613783.00,994,15.00,40.40,19.50
5-August-2021,3750.00,3750.65,3686.15,3691.00,3713.394004860923575479,11109,1985,41252094.00,2805,25.25,64.50,-59.00
4-August-2021,3808.00,3808.00,3698.05,3732.55,3736.909767354243194876,10617,1530,39674771.00,1818,17.12,109.95,-75.45
3-August-2021,3766.00,3829.10,3725.95,3783.85,3778.412514034027118058,23158,2977,87500477.00,5885,25.41,103.15,17.85
2-August-2021,3790.00,3790.00,3725.00,3734.05,3749.561189232623543591,12445,2325,46663289.00,4558,36.63,65.00,-55.95
30-July-2021,3760.00,3814.20,3725.00,3775.60,3784.977481818978358012,34239,4283,129593844.00,6432,18.79,89.20,15.60
29-July-2021,3660.00,3740.00,3633.15,3723.25,3699.032892830232423346,34506,4457,127638829.00,8376,24.27,106.85,63.25
28-July-2021,3670.00,3692.05,3572.15,3661.15,3634.313419070553876108,19517,2433,70930895.00,2342,12.00,119.90,-8.85
27-July-2021,3595.00,3705.10,3580.15,3669.00,3670.166939805181652457,54307,6538,199315756.00,12914,23.78,124.95,74.00
26-July-2021,3515.00,3616.60,3492.70,3558.45,3567.337769774051042516,390929,7062,1394575787.00,354396,90.65,123.90,43.45
23-July-2021,3419.50,3638.40,3399.50,3569.55,3556.274090828881723534,124674,12326,443374916.00,12314,9.88,238.90,150.05
22-July-2021,3215.00,3449.90,3208.20,3429.70,3373.019583507862879246,193377,14937,652264408.00,23626,12.22,241.70,214.70
20-July-2021,3090.05,3096.90,3025.00,3062.80,3055.750601443464314354,16211,3160,49536773.00,5244,32.35,71.90,-27.25
19-July-2021,3126.00,3126.00,3078.00,3083.40,3137.772169134029806406,40394,1014,126747169.00,36060,89.27,48.00,-42.60
16-July-2021,3115.00,3153.00,3103.65,3144.85,3134.459477124183006535,18360,2517,57548676.00,9449,51.47,49.35,29.85
15-July-2021,3164.00,3170.00,3100.00,3105.40,3124.383600173085244482,18488,3343,57763604.00,6509,35.21,70.00,-58.60
14-July-2021,3085.00,3162.45,3072.00,3156.20,3131.202055290201186857,6909,940,21633475.00,1929,27.92,90.45,71.20
13-July-2021,3106.60,3120.00,3076.80,3089.40,3095.234675659591350922,5041,796,15603078.00,860,17.06,43.20,-17.20
12-July-2021,3109.20,3128.35,3089.55,3097.00,3108.476168872758326216,37472,500,116480819.00,35637,95.10,38.80,-12.20
9-July-2021,3113.00,3137.15,3096.45,3107.25,3113.261428962496578154,3653,595,11372744.00,715,19.57,40.70,-5.75
8-July-2021,3168.95,3168.95,3110.45,3126.00,3124.481028016765938671,9066,1577,28326545.00,2598,28.66,58.50,-42.95
7-July-2021,3125.00,3156.90,3123.55,3151.40,3144.146446355817111815,8836,1176,27781678.00,3699,41.86,33.35,26.40
6-July-2021,3150.00,3185.00,3126.80,3132.80,3162.657641630066158892,17987,1960,56886723.00,4678,26.01,58.20,-17.20
5-July-2021,3189.95,3193.90,3135.55,3144.40,3165.569026128266033254,10525,1395,33317614.00,2194,20.85,58.35,-45.55
2-July-2021,3121.00,3149.95,3094.95,3145.25,3129.447519769949676491,8346,1119,26118369.00,2585,30.97,55.00,24.25
1-July-2021,3120.00,3126.65,3070.45,3112.70,3104.625037169194171870,6726,945,20881708.00,1305,19.40,56.20,-7.30
30-June-2021,3118.00,3143.35,3071.10,3079.65,3113.622850678733031674,8840,1074,27524426.00,1465,16.57,72.25,-38.35
29-June-2021,3128.15,3157.80,3097.30,3107.65,3125.793580949915879383,7727,1078,24153007.00,1286,16.64,60.50,-20.50
28-June-2021,3118.00,3153.25,3096.60,3117.65,3119.563929239177333525,6953,921,21690328.00,1851,26.62,56.65,-0.35
25-June-2021,3167.80,3172.05,3094.00,3117.60,3124.419585175110506630,20587,3232,64322426.00,6541,31.77,78.05,-50.20
24-June-2021,3222.30,3256.60,3152.30,3167.80,3220.474001993082830177,17059,2226,54938066.00,4527,26.54,104.30,-54.50
23-June-2021,3249.00,3250.00,3180.90,3222.30,3213.744289994596984134,20359,2496,65428620.00,3636,17.86,69.10,-26.70
22-June-2021,3290.00,3290.00,3214.10,3220.90,3260.681875097824385662,12778,1520,41664993.00,1689,13.22,75.90,-69.10
21-June-2021,3292.55,3292.55,3231.55,3246.15,3254.223405604158742234,15774,2426,51332120.00,3393,21.51,61.00,-46.40
18-June-2021,3252.05,3310.00,3202.35,3292.55,3268.913772898291494479,48639,5367,158996697.00,13954,28.69,107.65,40.50
17-June-2021,3229.75,3288.40,3192.95,3254.85,3254.875439570608920969,37821,3358,123102644.00,5292,13.99,95.45,25.10
16-June-2021,3225.00,3331.85,3212.10,3231.80,3276.646069724639493951,111926,8948,366741888.00,15299,13.67,119.75,6.80
15-June-2021,3247.55,3247.55,3141.65,3175.40,3187.270924507658643326,43872,4866,139831950.00,5008,11.42,105.90,-72.15
14-June-2021,3239.80,3239.80,3165.85,3198.90,3193.723720849286460146,11492,1466,36702273.00,1366,11.89,73.95,-40.90
11-June-2021,3221.70,3250.15,3193.40,3216.85,3224.154653023893906482,34988,3622,112806723.00,12619,36.07,56.75,-4.85
10-June-2021,3195.00,3228.00,3175.85,3207.90,3209.214876961683958200,26699,3185,85682828.00,9943,37.24,52.15,12.90
9-June-2021,3145.00,3201.80,3131.80,3163.65,3167.954484001802613789,13314,1489,42178146.00,2275,17.09,70.00,18.65
8-June-2021,3156.00,3218.35,3134.85,3142.95,3171.609291038308198994,23076,2814,73188056.00,6675,28.93,83.50,-13.05
7-June-2021,3180.00,3220.00,3121.85,3146.30,3156.480290006077971694,23034,3166,72706367.00,8327,36.15,98.15,-33.70
4-June-2021,3180.00,3239.10,3155.40,3175.25,3203.346440631869999773,44123,4331,141341255.00,7270,16.48,83.70,-4.75
3-June-2021,3050.00,3227.35,3043.00,3176.60,3157.481673167316731673,39996,4388,126286637.00,7898,19.75,184.35,126.60
2-June-2021,3053.80,3083.25,3021.00,3041.65,3038.093159460077785403,21855,3025,66397526.00,11678,53.43,62.25,-12.15
1-June-2021,3110.65,3135.85,3048.65,3054.65,3089.746593354052115706,8366,1261,25848820.00,2167,25.90,87.20,-56.00
31-May-2021,3105.00,3178.00,3092.75,3110.65,3138.504015184698496130,27396,3735,85982456.00,6776,24.73,85.25,5.65
28-May-2021,3133.40,3156.90,3094.00,3122.25,3124.247854380835612562,10603,1175,33126400.00,1920,18.11,62.90,-11.15
27-May-2021,3164.00,3165.35,3075.00,3094.65,3114.084560913836770558,19347,2488,60248194.00,2910,15.04,90.35,-69.35
26-May-2021,3080.00,3153.35,3069.20,3143.45,3109.544053843586605851,17978,2188,55903383.00,3278,18.23,84.15,63.45
25-May-2021,3047.20,3088.70,3023.35,3073.40,3060.999868021644450310,15154,1795,46386392.00,3412,22.52,65.35,26.20
24-May-2021,2978.00,3044.10,2978.00,3011.70,3012.945088940448569218,11637,1506,35061642.00,2133,18.33,66.10,33.70
21-May-2021,3013.60,3081.55,2970.30,3019.90,3033.818104114941593064,24569,2417,74537877.00,1977,8.05,111.25,6.30
20-May-2021,3015.85,3060.00,2968.40,2981.15,3004.710103957687397410,21932,2596,65899302.00,6515,29.71,91.60,-34.70
19-May-2021,2965.00,3053.00,2946.80,3015.85,3014.850824919970450627,20305,2393,61216546.00,4320,21.28,106.20,50.85
18-May-2021,2848.00,2984.25,2817.10,2963.85,2924.458850907261234630,63598,5469,185989734.00,25212,39.64,167.15,115.85
17-May-2021,2815.85,2847.80,2794.00,2816.50,2816.742311535472410347,9007,1045,25370398.00,1345,14.93,53.80,0.65
14-May-2021,2858.15,2858.15,2788.60,2804.80,2810.965241963970328505,14155,1500,39789213.00,3845,27.16,69.55,-53.35
12-May-2021,2825.10,2845.85,2777.20,2821.25,2814.627743778049775601,12255,892,34493263.00,1363,11.12,68.65,-3.85
11-May-2021,2755.00,2875.00,2738.90,2818.35,2827.432970096300050684,39460,3466,111570505.00,14176,35.92,136.10,63.35
10-May-2021,2746.00,2776.00,2696.25,2764.90,2741.006283356675120178,26419,2878,72414645.00,5302,20.07,79.75,18.90
7-May-2021,2855.00,2855.00,2735.30,2741.35,2784.858965272856130403,8466,937,23576616.00,2237,26.42,119.70,-113.65
6-May-2021,2840.00,2840.00,2784.00,2824.65,2811.368638844867054058,11358,1145,31931525.00,3869,34.06,56.00,-15.35
5-May-2021,2770.30,2832.00,2750.00,2797.05,2778.276264967168791039,10356,1072,28771829.00,1217,11.75,82.00,26.75
4-May-2021,2892.00,2905.95,2763.65,2779.05,2827.925247902364607170,24909,3194,70440790.00,8682,34.85,142.30,-112.95
3-May-2021,2900.00,2921.85,2856.35,2892.15,2899.082295506625485702,10037,850,29098089.00,1126,11.22,65.50,-7.85
30-April-2021,2920.00,2965.00,2881.10,2891.05,2921.246767682677119288,17093,1748,49932871.00,3643,21.31,83.90,-28.95
29-April-2021,2940.00,3002.00,2909.70,2938.50,2960.970422164360317135,34181,3062,101208930.00,9261,27.09,92.30,-1.50
28-April-2021,2950.00,2965.60,2891.35,2904.80,2936.037016726076227035,14588,1259,42830908.00,2186,14.98,74.25,-45.20
27-April-2021,2887.55,2954.95,2869.75,2949.25,2922.970363118547525809,22472,2224,65684990.00,9619,42.80,85.20,61.70
26-April-2021,2810.00,2900.00,2805.10,2886.90,2866.089804325437693099,14565,1184,41744598.00,1318,9.05,94.90,76.90
23-April-2021,2855.00,2925.50,2827.00,2844.65,2880.772195364388017891,22133,2282,63760131.00,6317,28.54,98.50,-10.35
22-April-2021,2825.00,2889.95,2777.30,2877.35,2824.331165140511525102,15835,1049,44723284.00,2324,14.68,112.65,52.35
20-April-2021,2790.00,2870.00,2790.00,2827.05,2841.040942877089236581,24351,2280,69182188.00,5571,22.88,80.00,37.05
19-April-2021,2771.00,2792.10,2726.50,2781.80,2767.211566833874299203,10167,1043,28134240.00,2630,25.87,65.60,10.80
16-April-2021,2795.00,2845.00,2769.25,2819.00,2814.684014547973675095,11548,984,32503971.00,2991,25.90,75.75,24.00
15-April-2021,2795.00,2799.00,2715.55,2767.15,2751.609472671902548485,12478,1400,34334583.00,1626,13.03,83.45,-27.85
13-April-2021,2700.00,2800.00,2660.90,2762.60,2718.360456792227714334,29335,3204,79743104.00,3838,13.08,139.10,62.60
12-April-2021,2881.50,2881.50,2707.00,2729.55,2767.254072712022968482,30999,2929,85782109.00,5447,17.57,174.50,-151.95
9-April-2021,2875.00,2904.65,2861.10,2881.30,2883.487899073120494335,11652,1167,33598401.00,2026,17.39,43.55,6.30
8-April-2021,2875.00,2919.00,2860.00,2867.85,2890.506470903248839700,22408,2633,64770469.00,8043,35.89,59.00,-7.15
7-April-2021,2797.00,2878.55,2773.15,2867.25,2838.945427728613569321,37290,3504,105864275.00,9118,24.45,105.40,70.25
6-April-2021,2846.25,2862.00,2786.00,2797.05,2823.109211584875301689,24860,2671,70182495.00,5428,21.83,76.00,-49.20
5-April-2021,2915.05,2963.15,2809.00,2838.65,2867.096663729069621049,39715,3864,113866744.00,7491,18.86,154.15,-76.40
1-April-2021,2945.00,2967.90,2909.65,2952.75,2940.315206611570247933,18150,1543,53366721.00,5019,27.65,58.25,7.75
31-March-2021,2955.70,3024.40,2896.90,2913.05,2978.289605694588459490,35683,3212,106274308.00,6200,17.38,127.50,-42.65
30-March-2021,2885.00,2981.20,2885.00,2957.00,2936.058624159296721919,18883,1670,55441595.00,2620,13.87,96.20,72.00
26-March-2021,2875.00,2916.00,2867.35,2879.15,2892.536240913811007268,24075,1908,69637810.00,1720,7.14,48.65,4.15
25-March-2021,2965.00,2980.25,2811.30,2823.65,2892.093889346066254569,52253,5690,151120582.00,6810,13.03,168.95,-141.35
24-March-2021,2929.50,2950.65,2858.90,2869.30,2906.027134625458355159,19090,2063,55476058.00,4203,22.02,91.75,-60.20
23-March-2021,2895.00,2945.90,2872.00,2932.35,2913.359885832900882200,11562,890,33684267.00,1599,13.83,73.90,37.35
22-March-2021,2885.00,2899.95,2819.20,2879.30,2867.947959229491266669,22271,1650,63872069.00,3202,14.38,80.75,-5.70
19-March-2021,2758.00,2884.20,2690.00,2867.95,2791.704498053392658509,28768,2542,80311755.00,3018,10.49,194.20,109.95
18-March-2021,2920.00,2920.00,2780.00,2789.80,2826.426043578521342180,21249,2739,60058727.00,4877,22.95,140.00,-130.20
17-March-2021,2950.00,2950.50,2851.40,2872.20,2882.395293959007551240,14832,1194,42751687.00,3131,21.11,99.10,-77.80
16-March-2021,2975.00,2993.35,2915.00,2947.45,2949.106181150550795593,19608,1255,57826074.00,1559,7.95,78.35,-27.55
15-March-2021,2990.95,2996.05,2942.05,2962.60,2970.460102201257861635,10176,696,30227402.00,1406,13.82,54.00,-28.35
12-March-2021,3041.80,3041.80,2960.70,2971.60,3009.242074027799468998,12806,941,38536354.00,1592,12.43,81.10,-70.20
10-March-2021,3010.00,3053.15,2977.55,2999.25,3004.756951740561742663,14277,1178,42898915.00,1909,13.37,75.60,-10.75
9-March-2021,3011.05,3056.00,2960.00,2990.60,3003.232901613269711429,13203,1739,39651684.00,2503,18.96,96.00,-20.45
8-March-2021,3022.00,3121.60,2997.15,3010.30,3066.967415398256243534,13534,1609,41508337.00,2608,19.27,124.45,-11.70
5-March-2021,3125.40,3125.40,3062.45,3073.65,3090.234825519915403595,14185,1839,43834981.00,3206,22.60,62.95,-51.75
4-March-2021,3123.00,3175.25,3115.00,3130.35,3147.594680219127450333,15151,1175,47689207.00,1432,9.45,60.25,7.35
3-March-2021,3152.00,3160.00,3095.90,3141.90,3131.316684378320935175,15997,1505,50091673.00,1295,8.10,64.10,-10.10
2-March-2021,3050.00,3129.50,3050.00,3121.30,3099.337992159536389977,35202,3160,109102896.00,11576,32.88,79.50,71.30
1-March-2021,3000.00,3049.95,2970.50,3037.85,3006.578145814581458145,27775,3009,83507708.00,5117,18.42,79.45,37.85
26-February-2021,3000.00,3090.00,2925.50,2995.80,2991.087337300361330879,74447,8770,222677479.00,14759,19.82,164.50,-4.20
25-February-2021,3075.85,3101.75,3016.55,3057.25,3057.756758811158689538,39467,3325,120680486.00,7444,18.86,85.20,-18.60
24-February-2021,3202.25,3202.25,2952.00,3075.85,3049.090069052462680152,209406,10677,638497755.00,80903,38.63,250.25,-126.40
23-February-2021,3120.00,3215.00,3019.05,3202.25,3132.790307062602938538,61323,4266,192112100.00,4025,6.56,195.95,82.25
22-February-2021,2970.00,3127.25,2950.00,3113.55,3066.412608457346143106,96697,6807,296512900.00,9398,9.72,177.25,143.55
19-February-2021,2902.95,3004.00,2902.95,2951.05,2966.672326545543226435,65608,5541,194637438.00,18166,27.69,101.05,48.10
18-February-2021,2915.00,2965.90,2878.05,2902.95,2927.019840393653597451,31703,2129,92795310.00,3104,9.79,87.85,-12.05
17-February-2021,2882.00,2943.20,2867.80,2881.80,2897.412390561815397903,25471,2369,73799991.00,7586,29.78,75.40,-0.20
16-February-2021,2893.00,2916.05,2856.05,2882.65,2888.631714731410743570,100004,4710,288874726.00,26442,26.44,60.00,-10.35
15-February-2021,2814.80,2885.95,2798.05,2870.00,2847.391064922159655515,24152,1975,68770189.00,3675,15.22,87.90,55.20
12-February-2021,2802.00,2893.70,2764.50,2788.40,2833.067657992565055762,69940,8473,198144752.00,26736,38.23,129.20,-13.60
11-February-2021,2755.00,2820.00,2755.00,2793.40,2787.907117767910398303,30178,3708,84133461.00,15040,49.84,65.00,38.40
10-February-2021,2815.00,2821.80,2772.50,2781.30,2799.493912775466173524,12978,1494,36331832.00,2596,20.00,49.30,-33.70
9-February-2021,2720.30,2823.00,2720.30,2801.85,2803.529839883551673944,15114,1524,42372550.00,1690,11.18,102.70,81.55
8-February-2021,2755.15,2828.45,2755.15,2809.90,2806.487884046792646869,31116,1786,87326677.00,3406,10.95,73.30,54.75
5-February-2021,2840.00,2848.15,2736.45,2750.15,2785.894642646885670552,42465,4703,118303016.00,12347,29.08,111.70,-89.85
4-February-2021,2710.00,2868.45,2681.85,2828.90,2808.737905659112243529,119312,10723,335116137.00,15642,13.11,186.60,118.90
3-February-2021,2730.00,2762.00,2597.10,2644.30,2675.299861243801464901,87924,10115,235223065.00,13924,15.84,164.90,-85.70
2-February-2021,2611.00,2718.00,2611.00,2698.60,2680.958843469591226321,25075,2667,67225043.00,3167,12.63,107.00,87.60
1-February-2021,2615.00,2646.95,2545.00,2610.25,2599.189747135519557487,30372,3833,78942591.00,5157,16.98,101.95,-4.75
29-January-2021,2690.00,2735.00,2571.50,2591.80,2664.586027190332326283,26480,3801,70558238.00,5943,22.44,163.50,-98.20
28-January-2021,2581.00,2721.90,2581.00,2710.05,2673.066119645072035111,41924,5011,112065624.00,9745,23.24,140.90,129.05
27-January-2021,2705.00,2726.20,2630.00,2639.30,2673.074360139330607299,13206,2080,35300620.00,2209,16.73,96.20,-65.70
25-January-2021,2789.00,2789.00,2680.50,2715.00,2743.200444848630939989,91267,5394,250363675.00,9710,10.64,108.50,-74.00
22-January-2021,2763.00,2837.95,2735.00,2746.65,2782.803873819871122433,80076,4439,222835803.00,10859,13.56,102.95,-16.35
21-January-2021,2827.55,2867.35,2745.90,2763.45,2804.816118435086821110,23439,2994,65742085.00,5926,25.28,121.45,-64.10
20-January-2021,2820.00,2852.40,2783.30,2809.90,2825.626286926380050701,38658,4370,109233061.00,12722,32.91,69.10,-10.10
19-January-2021,2815.00,2828.05,2751.00,2801.90,2775.027932960893854748,24344,2689,67555280.00,7389,30.35,77.05,-13.10
18-January-2021,2705.00,2832.90,2705.00,2801.40,2772.015372482684526938,87494,5807,242534713.00,11962,13.67,127.90,96.40
15-January-2021,2790.00,2810.00,2700.05,2732.00,2730.480803088803088803,32375,2925,88399316.00,4493,13.88,109.95,-58.00
14-January-2021,2837.00,2865.00,2744.55,2780.55,2776.344017343061609827,42899,4122,119102382.00,8993,20.96,120.45,-56.45
13-January-2021,2880.00,2914.55,2784.20,2837.15,2846.620188701590936007,25331,2076,72107736.00,3170,12.51,130.35,-42.85
12-January-2021,2906.70,2928.55,2854.90,2877.45,2883.355251495679149124,36104,4129,104100658.00,9062,25.10,73.65,-29.25
11-January-2021,2945.00,2987.00,2912.30,2933.40,2958.326952380952380952,52500,3200,155312165.00,5585,10.64,74.70,-11.60
8-January-2021,2885.00,2947.70,2880.00,2912.40,2916.559449825751653040,75467,5248,220103992.00,19254,25.51,67.70,27.40
7-January-2021,2766.10,2887.10,2766.10,2862.40,2852.987555180904634086,90158,6300,257219652.00,29840,33.10,121.00,96.30
6-January-2021,2800.00,2854.60,2748.00,2789.20,2806.637608627653642681,73531,5331,206374870.00,14897,20.26,106.60,-10.80
5-January-2021,2740.00,2836.50,2740.00,2775.90,2795.095481511883884929,80403,5927,224734062.00,23422,29.13,96.50,35.90
4-January-2021,2814.65,2815.00,2742.00,2748.00,2766.649814957056071503,28642,1861,79242384.00,5288,18.46,73.00,-66.65
1-January-2021,2806.00,2831.95,2786.40,2792.40,2803.396350670377849333,54969,3046,154099894.00,5772,10.50,45.55,-13.60
31-December-2020,2700.00,2804.60,2688.30,2790.05,2749.524458414108524213,53131,2793,146084984.00,5486,10.33,116.30,90.05
30-December-2020,2715.05,2723.60,2668.00,2681.70,2691.017033577940849455,22485,1190,60507518.00,3111,13.84,55.60,-33.35
29-December-2020,2730.00,2750.70,2691.10,2702.65,2719.622653277614919229,32066,2577,87207420.00,6204,19.35,59.60,-27.35
28-December-2020,2721.00,2745.50,2669.15,2725.55,2714.386246108724176078,38869,2994,105505479.00,7134,18.35,76.35,4.55
24-December-2020,2810.00,2810.00,2697.70,2707.60,2733.715967810249894112,23610,2563,64543034.00,4458,18.88,112.30,-102.40
23-December-2020,2789.00,2804.00,2707.00,2753.95,2756.311276499774470004,66510,4632,183322263.00,7881,11.85,97.00,-35.05
22-December-2020,2680.00,2721.45,2583.95,2710.50,2665.731079511567316445,31857,2842,84922195.00,3410,10.70,137.50,30.50
21-December-2020,2757.45,2817.70,2603.00,2677.35,2764.202444076761728571,76757,5810,212171887.00,4495,5.86,214.70,-80.10
18-December-2020,2834.00,2879.65,2740.95,2757.45,2794.670198002626818328,80706,5968,225546653.00,6706,8.31,138.70,-76.55
17-December-2020,2704.90,2927.50,2700.00,2803.75,2839.725578655729837038,229195,16104,650850904.00,9545,4.16,227.50,98.85
16-December-2020,2585.05,2690.35,2578.15,2675.20,2642.996343910823216166,50327,4487,133014077.00,16475,32.74,112.20,90.15
15-December-2020,2628.65,2661.65,2575.45,2581.75,2607.258570347139612847,18494,1981,48218640.00,2536,13.71,86.20,-46.90
14-December-2020,2678.00,2678.00,2592.40,2632.70,2631.446319369501945779,30579,2332,80466997.00,4044,13.22,85.60,-45.30
11-December-2020,2574.80,2660.00,2574.80,2647.50,2623.542779450325337476,30891,2482,81043860.00,4935,15.98,85.20,72.70
10-December-2020,2515.00,2607.25,2515.00,2577.30,2575.874406668467564542,51826,4188,133497267.00,17978,34.69,92.25,62.30
9-December-2020,2580.10,2584.15,2509.90,2518.25,2547.418294636445655576,54311,2026,138352835.00,4310,7.94,74.25,-61.85
8-December-2020,2554.00,2599.10,2544.80,2559.60,2581.440130954065032435,49483,3590,127737402.00,11689,23.62,54.30,5.60
7-December-2020,2575.00,2580.00,2510.05,2548.55,2554.791957796313564193,78287,4711,200006998.00,29384,37.53,69.95,-26.45
4-December-2020,2550.00,2567.45,2539.00,2562.25,2552.815351231328219620,19816,1206,50586589.00,1466,7.40,28.45,12.25
3-December-2020,2526.00,2592.15,2515.00,2543.50,2553.940371253759203567,9643,1210,24627647.00,1570,16.28,77.15,17.50
2-December-2020,2537.15,2551.80,2511.60,2532.30,2534.750776008811454891,9987,1092,25314556.00,1402,14.04,40.20,-4.85
1-December-2020,2520.00,2545.95,2466.55,2504.60,2490.935551480220068116,11451,1343,28523703.00,1528,13.34,79.40,-15.40
27-November-2020,2513.90,2533.40,2434.40,2497.70,2504.682936926087611019,26572,2722,66554435.00,6440,24.24,99.00,-16.20
26-November-2020,2440.00,2506.60,2393.70,2496.40,2465.905331450260393679,22658,2881,55872483.00,2208,9.74,112.90,56.40
25-November-2020,2585.00,2585.00,2420.00,2425.70,2462.594827176341938857,21033,2110,51795757.00,4753,22.60,165.00,-159.30
24-November-2020,2633.45,2659.85,2537.00,2542.20,2580.656162510580115892,15359,1297,39636298.00,3569,23.24,122.85,-91.25
23-November-2020,2600.05,2645.00,2572.65,2618.45,2610.369421583400950504,17254,1883,45039314.00,2860,16.58,72.35,18.40
20-November-2020,2511.00,2627.60,2511.00,2617.10,2583.304277182504830493,22772,2124,58827005.00,2710,11.90,116.60,106.10
19-November-2020,2580.00,2634.10,2495.00,2510.25,2557.406779046583288018,27585,3484,70546066.00,5681,20.59,139.10,-69.75
18-November-2020,2520.00,2598.30,2496.05,2592.45,2551.726762278446759572,29564,2992,75439250.00,7667,25.93,102.25,72.45
17-November-2020,2500.00,2532.55,2462.15,2522.85,2504.525316222295976693,27117,3311,67915213.00,8044,29.66,70.40,22.85
14-November-2020,2489.00,2502.65,2461.90,2476.15,2482.393965610468259976,9247,819,22954697.00,4337,46.90,40.75,-12.85
13-November-2020,2385.00,2502.80,2360.95,2483.15,2456.524566535249480690,70767,8025,173840874.00,7600,10.74,141.85,98.15
12-November-2020,2335.40,2428.20,2314.65,2338.85,2378.142995181530057460,77618,7899,184586703.00,22287,28.71,113.55,3.45
11-November-2020,2230.30,2339.65,2228.85,2330.40,2285.058410419014176777,38161,5475,87200114.00,16920,44.34,110.80,100.10
10-November-2020,2340.00,2340.00,2183.35,2240.25,2226.616304583705061124,41473,4532,92344458.00,6917,16.68,156.65,-99.75
9-November-2020,2465.00,2465.00,2263.60,2334.30,2304.446216981677359690,17301,1708,39869224.00,2298,13.28,201.40,-130.70
6-November-2020,2246.50,2288.00,2211.60,2262.90,2251.093263111696291419,13671,1349,30774696.00,2199,16.09,76.40,16.40
5-November-2020,2180.00,2247.85,2180.00,2238.65,2222.086100966702470461,23275,2693,51719054.00,8325,35.77,67.85,58.65
4-November-2020,2141.00,2195.45,2130.00,2169.40,2168.544336408210753760,12033,1486,26094094.00,2540,21.11,65.45,28.40
3-November-2020,2183.00,2183.00,2105.65,2156.35,2139.676286072772898368,11158,1223,23874508.00,1360,12.19,77.35,-26.65
2-November-2020,2135.00,2187.25,2099.60,2166.50,2139.146436617396560250,18199,2539,38930326.00,3504,19.25,87.65,31.50
30-October-2020,2219.00,2239.75,2164.00,2176.50,2194.346264960792406108,7269,694,15950703.00,1599,22.00,75.75,-42.50
29-October-2020,2179.00,2236.05,2152.25,2221.15,2195.211001886605103763,10071,1015,22107970.00,1664,16.52,83.80,42.15
28-October-2020,2158.55,2222.90,2158.55,2179.00,2194.241334429373886833,14598,1293,32031535.00,1609,11.02,64.35,20.45
27-October-2020,2101.00,2183.00,2101.00,2174.20,2162.332148358810285578,8439,1520,18247921.00,2712,32.14,82.00,73.20
26-October-2020,2210.05,2232.00,2135.20,2164.65,2172.964797991871862299,16732,2335,36358047.00,3541,21.16,96.80,-45.40
23-October-2020,2200.00,2235.95,2189.50,2221.60,2219.072513013302486986,13832,1200,30694211.00,2496,18.05,46.45,21.60
22-October-2020,2255.95,2257.00,2174.40,2186.65,2202.413331155040026139,12242,1258,26961944.00,5275,43.09,82.60,-69.30
21-October-2020,2304.90,2304.90,2234.30,2263.45,2270.812623875590791279,6559,939,14894260.00,1835,27.98,70.60,-41.45
20-October-2020,2248.65,2303.75,2227.25,2290.15,2273.434800215982721382,14816,1917,33683210.00,5944,40.12,76.50,41.50
19-October-2020,2320.85,2325.00,2237.15,2248.70,2261.721369065542507276,9963,1392,22533530.00,3541,35.54,87.85,-72.15
16-October-2020,2296.00,2324.40,2268.70,2318.60,2303.425650557620817843,5918,634,13631673.00,448,7.57,55.70,22.60
15-October-2020,2326.00,2356.60,2289.80,2295.95,2323.777561995817149686,20082,1760,46666101.00,4039,20.11,66.80,-30.05
14-October-2020,2299.00,2325.00,2269.85,2314.95,2306.116743916570104287,24164,2219,55725005.00,6550,27.11,55.15,15.95
13-October-2020,2273.25,2311.75,2270.75,2277.85,2291.267515322960867515,10605,813,24298892.00,1079,10.17,41.00,4.60
12-October-2020,2299.45,2313.75,2261.40,2278.20,2289.121686802333593642,21769,1177,49831890.00,4766,21.89,52.35,-21.25
9-October-2020,2331.25,2343.65,2292.80,2299.45,2312.294987922705314009,16560,1292,38291605.00,4432,26.76,50.85,-31.80
8-October-2020,2369.00,2369.00,2305.55,2329.55,2328.402569868294249919,15565,1569,36241586.00,2777,17.84,63.45,-39.45
7-October-2020,2332.00,2353.45,2305.25,2347.35,2339.654680656004889477,9817,854,22968390.00,1320,13.45,48.20,15.35
6-October-2020,2360.00,2417.30,2315.50,2328.20,2357.073589337935663262,20859,2036,49166198.00,4436,21.27,101.80,-31.80
5-October-2020,2382.00,2396.00,2347.75,2376.05,2370.387119153610452679,17297,1018,41000586.00,1229,7.11,48.25,-5.95
1-October-2020,2355.00,2388.55,2347.05,2365.95,2362.264233476864192468,14631,1320,34562288.00,3369,23.03,41.50,10.95
30-September-2020,2390.00,2437.75,2340.00,2345.00,2389.595561918396564065,19558,1666,46735710.00,3166,16.19,97.75,-45.00
29-September-2020,2449.00,2449.00,2367.00,2371.30,2397.163779887138337084,30657,2450,73489850.00,5910,19.28,82.00,-77.70
28-September-2020,2343.95,2457.50,2330.00,2423.45,2411.738955940090155591,34385,2916,82927644.00,5224,15.19,127.50,79.50
25-September-2020,2270.00,2327.50,2269.00,2313.80,2301.147540983606557377,15311,1374,35232870.00,3253,21.25,58.50,43.80
24-September-2020,2321.00,2321.00,2236.60,2264.85,2278.210037731328981254,16697,1951,38039273.00,4440,26.59,84.40,-56.15
23-September-2020,2324.85,2347.90,2292.70,2316.40,2320.471472521325688714,14302,1443,33187383.00,2566,17.94,55.20,-8.45
22-September-2020,2300.00,2319.35,2264.50,2306.95,2290.525947150588984399,25128,2330,57556336.00,6520,25.95,54.85,6.95
21-September-2020,2359.00,2363.05,2292.00,2310.45,2330.057741335354509749,14513,1367,33816128.00,1326,9.14,71.05,-48.55
18-September-2020,2401.05,2421.95,2348.95,2360.10,2386.986926692237048241,18511,1997,44185515.00,4350,23.50,73.00,-40.95
17-September-2020,2382.25,2414.55,2365.85,2408.45,2395.205643798580601554,17754,1205,42524481.00,2043,11.51,48.70,26.20
16-September-2020,2370.00,2389.95,2345.50,2382.25,2369.521624278166850964,16278,1466,38571073.00,5666,34.81,44.45,12.25
15-September-2020,2367.00,2393.10,2349.80,2364.50,2368.432729321190498544,21302,1612,50452354.00,2908,13.65,43.30,-2.50
14-September-2020,2327.30,2367.00,2325.00,2347.05,2343.695471801495049117,25551,2241,59883763.00,10329,40.42,42.00,19.75
11-September-2020,2265.00,2376.90,2265.00,2327.65,2331.481083546859228200,103032,6578,240217159.00,13360,12.97,111.90,62.65
10-September-2020,2260.00,2308.00,2241.15,2265.25,2274.330022096262849457,52045,3592,118367506.00,9084,17.45,66.85,5.25
9-September-2020,2269.00,2284.40,2220.00,2227.85,2254.098631337976718133,20531,2006,46278899.00,4879,23.76,64.40,-41.15
8-September-2020,2242.20,2299.00,2229.60,2274.65,2247.237987912223455668,89181,2389,200410931.00,64888,72.76,69.40,32.45
7-September-2020,2246.40,2271.80,2215.85,2233.65,2245.541908669473011136,18767,1615,42142085.00,1779,9.48,55.95,-12.75
4-September-2020,2204.00,2295.85,2204.00,2244.55,2260.162257256918600717,44337,2986,100208814.00,5324,12.01,91.85,40.55
3-September-2020,2234.00,2310.00,2210.60,2292.75,2263.615294072491395964,78161,5525,176926435.00,13031,16.67,99.40,58.75
2-September-2020,2168.00,2285.15,2102.20,2252.25,2186.206890439098653820,95901,7557,209659427.00,8517,8.88,182.95,84.25
1-September-2020,2090.00,2189.15,2090.00,2148.45,2144.523118016628418795,26581,2464,57003569.00,2290,8.62,99.15,58.45
31-August-2020,2175.00,2175.00,2076.60,2091.00,2131.067722135398971710,44151,3899,94088771.00,12340,27.95,98.40,-84.00
28-August-2020,2174.00,2182.70,2131.50,2170.15,2152.601305202095808383,42752,3005,92028011.00,8998,21.05,51.20,-3.85
27-August-2020,2088.00,2215.30,2076.50,2174.40,2140.339012240514064554,54001,2906,115580447.00,10934,20.25,138.80,86.40
26-August-2020,2100.00,2148.00,2069.10,2076.35,2101.103459684280177710,42316,2911,88910294.00,8539,20.18,78.90,-23.65
25-August-2020,2120.00,2130.80,2024.95,2113.50,2094.620083203885228632,56007,3857,117313387.00,12939,23.10,105.85,-6.50
24-August-2020,1978.05,2136.85,1977.40,2125.15,2084.158759601436351097,126153,6324,262922880.00,19558,15.50,159.45,147.10
21-August-2020,1976.00,2001.05,1964.80,1977.40,1978.421794991155385904,21482,1303,42500457.00,2710,12.62,36.25,1.40
20-August-2020,1925.00,1980.00,1915.00,1965.60,1954.494994186797571373,30964,2164,60518983.00,7661,24.74,65.00,40.60
19-August-2020,1927.90,1950.00,1920.00,1942.55,1936.937373017287471039,28055,1912,54340778.00,7673,27.35,30.00,14.65
18-August-2020,1880.00,1948.00,1879.00,1916.35,1919.659401799589432688,52123,3328,100058407.00,9867,18.93,69.00,36.35
17-August-2020,1888.95,1893.40,1844.00,1887.20,1877.627741632570930310,14909,1129,27993552.00,2304,15.45,49.40,-1.75
14-August-2020,1895.00,1916.80,1864.70,1869.45,1887.206721874724693859,22702,1435,42843367.00,2642,11.64,52.10,-25.55
13-August-2020,1866.00,1909.15,1866.00,1893.10,1889.581849172116321135,28748,1554,54321699.00,3288,11.44,43.15,27.10
12-August-2020,1885.00,1918.00,1856.25,1863.35,1881.549539914889824655,44883,2712,84449588.00,8782,19.57,61.75,-21.65
11-August-2020,1909.00,1909.00,1866.75,1884.25,1884.097788829894482156,14879,1087,28033491.00,1328,8.93,42.25,-24.75
10-August-2020,1887.75,1916.75,1867.60,1879.50,1890.045513189496040173,50381,4016,95222383.00,15721,31.20,49.15,-8.25
7-August-2020,1891.90,1895.30,1862.40,1871.05,1877.537795729948066935,25995,2208,48806595.00,4531,17.43,32.90,-20.85
6-August-2020,1864.00,1886.10,1843.30,1879.05,1870.024100639215103314,53816,3695,100637217.00,8356,15.53,42.80,15.05
5-August-2020,1825.00,1875.90,1814.50,1863.90,1848.258073480372082138,68372,4808,126369101.00,11438,16.73,61.40,38.90
4-August-2020,1753.50,1822.55,1752.35,1807.50,1795.535261037550358178,72729,4306,130587484.00,6521,8.97,70.20,54.00
3-August-2020,1730.00,1794.00,1720.50,1738.50,1765.766732126744864922,37682,2768,66537622.00,2532,6.72,73.50,8.50
31-July-2020,1779.80,1810.10,1715.05,1719.55,1759.755133008617459722,53380,4002,93935729.00,6090,11.41,95.05,-60.25
30-July-2020,1702.00,1780.95,1699.95,1768.45,1755.110219903892531127,55979,3635,98249315.00,11282,20.15,81.00,66.45
29-July-2020,1698.00,1715.00,1675.10,1683.40,1697.390681893412777226,12084,1218,20511269.00,1375,11.38,39.90,-14.60
28-July-2020,1692.00,1701.60,1665.85,1694.95,1684.850958622941642953,21437,2028,36118150.00,3506,16.35,35.75,2.95
27-July-2020,1726.00,1727.70,1656.40,1687.15,1682.782163169248872327,20396,1877,34322025.00,4194,20.56,71.30,-38.85
24-July-2020,1732.00,1752.00,1710.00,1725.40,1726.324506069983337300,16804,1298,29009157.00,1732,10.31,42.00,-6.60
23-July-2020,1685.00,1754.05,1685.00,1744.35,1734.561768039289761994,39705,3243,68870775.00,13670,34.43,69.05,59.35
22-July-2020,1731.00,1745.15,1673.50,1699.95,1700.990929156713935838,33073,3251,56256873.00,5484,16.58,71.65,-31.05
21-July-2020,1757.00,1781.50,1730.00,1745.25,1758.800236127508854781,21175,1763,37242595.00,3161,14.93,51.50,-11.75
20-July-2020,1743.00,1782.00,1742.50,1751.35,1759.319399037578518164,27223,2204,47893952.00,6994,25.69,39.50,8.35
17-July-2020,1719.90,1760.00,1681.80,1755.85,1736.826532754759238521,28576,2215,49631555.00,5784,20.24,78.20,35.95
16-July-2020,1722.00,1732.80,1673.30,1692.25,1702.213963196455955017,23476,1603,39961175.00,2567,10.93,59.50,-29.75
15-July-2020,1669.80,1732.15,1664.00,1719.95,1707.452152996471016442,63191,2957,107895609.00,9485,15.01,68.15,50.15
14-July-2020,1634.00,1665.00,1620.85,1651.90,1646.471318288433948944,43913,3102,72301495.00,12173,27.72,44.15,17.90
13-July-2020,1628.10,1648.05,1596.25,1635.20,1624.841691632125415520,48734,3930,79185035.00,10098,20.72,51.80,7.10
10-July-2020,1684.30,1684.30,1613.15,1620.75,1642.448768037695101600,50935,4296,83658128.00,13580,26.66,71.15,-63.55
9-July-2020,1695.00,1703.20,1663.05,1685.65,1682.103152113581256755,34231,2764,57580073.00,7435,21.72,40.15,-9.35
8-July-2020,1747.60,1774.50,1670.00,1693.55,1721.750149432157800358,20076,1609,34565856.00,4587,22.85,104.50,-54.05
7-July-2020,1737.05,1809.00,1720.95,1745.50,1772.480678347532551036,62210,4180,110266023.00,9747,15.67,88.05,8.45
6-July-2020,1740.00,1748.00,1718.00,1737.50,1733.284695778984039536,12343,1159,21393933.00,2236,18.12,30.00,-2.50
3-July-2020,1734.40,1753.55,1730.00,1737.30,1741.405704555129842486,9396,736,16362248.00,1516,16.13,23.55,2.90
2-July-2020,1695.05,1734.45,1695.05,1724.15,1715.735464275383280300,13828,997,23725190.00,1152,8.33,39.40,29.10
1-July-2020,1725.50,1745.05,1690.25,1695.45,1707.620065453057885048,19556,1424,33394218.00,4844,24.77,54.80,-30.05
